1,Addisleigh Park,Queens
2,Allerton,Bronx
3,Alphabet City,Manhattan
4,Annadale,Staten Island
5,Arden Heights,Staten Island
6,Arrochar,Staten Island
7,Arverne by the Sea,Queens
8,Arverne,Queens
9,Astoria,Queens
10,Auburndale,Queens
11,Bath Beach,Brooklyn
12,Battery Park City,Manhattan
13,Bay Ridge,Brooklyn
14,Bay Terrace,Queens
15,Bay Terrace,Staten Island
16,Baychester,Bronx
17,Bayside,Queens
18,Bayswater,Queens
19,Bedford-Stuyvesant,Brooklyn
20,Beechhurst,Queens
21,Belle Harbor,Queens
22,Bellerose Manor,Queens
23,Bellerose Terrace,Queens
24,Bellerose,Queens
25,Belmont,Bronx
26,Bensonhurst,Brooklyn
27,Bergen Beach,Brooklyn
28,Bloomfield,Staten Island
29,Bloomingdale,Manhattan
30,Boerum Hill,Brooklyn
31,Borough Park,Brooklyn
32,Bowery,Manhattan
33,Breezy Point,Queens
34,Briarwood,Queens
35,Bridge Plaza,Brooklyn
36,Brighton Beach,Brooklyn
37,Broad Channel,Queens
38,Broadway Triangle,Brooklyn
39,Broadway–Flushing,Queens
40,Bronxdale,Bronx
41,Brooklyn Heights,Brooklyn
42,Brooklyn Navy Yard,Brooklyn
43,Brownsville,Brooklyn
44,Bull's Head,Staten Island
45,Bushwick,Brooklyn
46,Cambria Heights,Queens
47,Canal Street,Manhattan
48,Canarsie,Brooklyn
49,Carnegie Hill,Manhattan
50,Carroll Gardens,Brooklyn
51,Castle Hill,Bronx
52,Castleton Corners,Staten Island
53,Central Harlem,Manhattan
54,Central Park West Historic District,Manhattan
55,Charleston,Staten Island
56,Chelsea,Manhattan
57,Chelsea,Staten Island
58,Chinatown,Manhattan
59,City Island,Bronx
60,Civic Center,Manhattan
61,Claremont Village,Bronx
62,Claremont,Bronx
63,Clason Point,Bronx
64,Clearview,Queens
65,Clifton,Staten Island
66,Clinton Hill,Brooklyn
67,Co-op City,Bronx
68,Cobble Hill,Brooklyn
69,College Point,Queens
70,Columbia St,Brooklyn
71,Columbia Street Waterfront District,Brooklyn
72,Concord,Staten Island
73,Concourse Village,Bronx
74,Concourse,Bronx
75,Coney Island,Brooklyn
76,Corona,Queens
77,Country Club,Bronx
78,Crown Heights,Brooklyn
79,Cypress Hills,Brooklyn
80,Diamond District,Manhattan
81,Ditmars Steinway,Queens
82,Dongan Hills,Staten Island
83,Douglaston,Queens
84,Downtown Brooklyn,Brooklyn
85,DUMBO,Brooklyn
86,Dutch Kills,Queens
87,Dyker Heights,Brooklyn
88,East Bronx,Bronx
89,East Elmhurst,Queens
90,East Flatbush,Brooklyn
91,East Flushing,Brooklyn
92,East Harlem,Manhattan
93,East Morrisania,Bronx
94,East New York,Brooklyn
95,East Village,Manhattan
96,East Williamsburg,Brooklyn
97,Eastchester,Bronx
98,Edenwald,Bronx
99,Edgemere,Queens
100,Elmhurst,Queens
101,Eltingville,Staten Island
102,Emerson Hill,Staten Island
103,Far Rockaway,Queens
104,Fieldston,Bronx
105,Financial District,Manhattan
106,Flatbush,Brooklyn
107,Flatiron District,Manhattan
108,Flatlands,Brooklyn
109,Floral Park,Queens
110,Flushing,Queens
111,Fordham Heights,Bronx
112,Fordham Manor,Bronx
113,Fordham,Bronx
114,Forest Hills,Queens
115,Forest Park,Queens
116,Fort George,Manhattan
117,Fort Greene,Brooklyn
118,Fort Hamilton,Brooklyn
119,Fort Wadsworth,Staten Island
120,Foxhurst,Bronx
121,Fresh Meadows,Queens
122,Garment District,Manhattan
123,Gerritsen Beach,Brooklyn
124,Glen Oaks,Queens
125,Glendale,Queens
126,Gowanus,Brooklyn
127,Gramercy Park,Manhattan
128,Gramercy,Manhattan
129,Graniteville,Staten Island
130,Grant City,Staten Island
131,Gravesend,Brooklyn
132,Great Kills,Staten Island
133,Greenpoint,Brooklyn
134,Greenwich Village,Manhattan
135,Greenwood Heights,Brooklyn
136,Grymes Hill,Staten Island
137,Hamilton Heights,Manhattan
138,Hammels,Queens
139,Harlem,Manhattan
140,Hell's Kitchen,Manhattan
141,Highbridge,Bronx
142,Hillcrest,Queens
143,Hollis Hills,Queens
144,Hollis,Queens
145,Holliswood,Queens
146,Homecrest,Brooklyn
147,Howard Beach,Queens
148,Howland Hook,Staten Island
149,Hudson Heights,Manhattan
150,Hudson Hill,Manhattan
151,Hudson Square,Manhattan
152,Hudson Yards,Manhattan
153,Huguenot,Staten Island
154,Hunts Point,Bronx
155,Inwood,Manhattan
156,Jackson Heights,Queens
157,Jamaica Estates,Queens
158,Jamaica Hills,Queens
159,Jamaica,Queens
160,Kensington,Brooklyn
161,Kew Gardens Hills,Queens
162,Kew Gardens,Queens
163,Kingsbridge Heights,Bronx
164,Kingsbridge,Bronx
165,Kips Bay,Manhattan
166,Koreatown,Manhattan
167,Laconia,Bronx
168,Laurelton,Queens
169,Lefferts Manor Historic District,Brooklyn
170,Lenox Hill,Manhattan
171,Lighthouse Hill,Staten Island
172,Lincoln Square,Manhattan
173,Linden Hill,Queens
174,Lindenwood,Queens
175,Little Brazil,Manhattan
176,Little Caribbean,Brooklyn
177,Little Dominican Republic,Manhattan
178,Little Haiti,Brooklyn
179,Little Italy,Manhattan
180,Little Neck,Queens
181,Long Island City,Queens
182,Longwood,Bronx
183,Lower East Side,Manhattan
184,Lower Manhattan,Manhattan
185,Madison,Brooklyn
186,Malba,Queens
187,Manhattan Beach,Brooklyn
188,Manhattan Valley,Manhattan
189,Manor Heights,Staten Island
190,Mapleton,Brooklyn
191,Marble Hill,Manhattan
192,Marcus Garvey,Manhattan
193,Marine Park,Brooklyn
194,Mariners Harbor,Staten Island
195,Maspeth,Queens
196,Meatpacking District,Manhattan
197,Melrose,Bronx
198,Mid Island,Staten Island
199,Middle Village,Queens
200,Midland Beach,Staten Island
201,Midtown East,Manhattan
202,Midtown Manhattan,Manhattan
203,Midtown South,Manhattan
204,Midtown West,Manhattan
205,Midtown,Manhattan
206,Midwood,Brooklyn
207,Mill Basin,Brooklyn
208,Mitchell-Linden,Queens
209,Morningside Heights,Manhattan
210,Morris Heights,Bronx
211,Morris Park,Bronx
212,Morrisania,Bronx
213,Mott Haven,Bronx
214,Mount Eden,Bronx
215,Mount Hope,Bronx
216,Murray Hill,Manhattan
217,Navy Yard,Brooklyn
218,Neponsit,Queens
219,New Brighton,Staten Island
220,New Dorp Beach,Staten Island
221,New Dorp,Staten Island
222,New Springville,Staten Island
223,NoHo,Manhattan
224,Nolita,Manhattan
225,NoMad,Manhattan
226,North Corona,Queens
227,North Riverdale,Bronx
228,Norwood,Bronx
229,Oakland Gardens,Queens
230,Oakwood,Staten Island
231,Ocean Hill,Brooklyn
232,Old Howard Beach,Queens
233,Olinville,Bronx
234,Ozone Park,Queens
235,Park Hill,Staten Island
236,Park Slope,Brooklyn
237,Parkchester,Bronx
238,Pelham Bay,Bronx
239,Pelham Gardens,Bronx
240,Pelham,Manhattan
241,Peter Cooper Village,Manhattan
242,Pomonok,Queens
243,Port Morris,Bronx
244,Port Richmond,Staten Island
245,Prince's Bay,Staten Island
246,Prospect Heights,Brooklyn
247,Prospect Lefferts Gardens,Brooklyn
248,Prospect-Lefferts Gardens,Brooklyn
249,Queens Village,Queens
250,Queensboro Hill,Queens
251,Randall Manor,Staten Island
252,Randalls Island,Manhattan
253,Red Hook,Brooklyn
254,Rego Park,Queens
255,Richmond Hill,Queens
256,Richmond,Staten Island
257,Richmondtown,Staten Island
258,Ridgewood,Queens
259,Riverdale,Bronx
260,Rochdale Village,Queens
261,Rockaway Beach,Queens
262,Rockaway Park,Queens
263,Roosevelt Island,Manhattan
264,Rose Hill,Manhattan
265,Rosebank,Staten Island
266,Rosedale,Queens
267,Rossville,Staten Island
268,Schuylerville,Bronx
269,Sea Gate,Brooklyn
270,Seagate,Brooklyn
271,Seaport,Manhattan
272,Seaside,Queens
273,Sheepshead Bay,Brooklyn
274,Shore Acres,Staten Island
275,Silver Lake,Staten Island
276,SoHo,Manhattan
277,Soundview,Bronx
278,South Beach,Staten Island
279,South Jamaica,Queens
280,South Ozone Park,Queens
281,South Richmond Hill,Queens
282,South Side,Brooklyn
283,South Slope,Brooklyn
284,South Village,Manhattan
285,Southeast Annadale,Staten Island
286,Southside,Staten Island
287,Spring Creek,Brooklyn
288,Springfield Gardens,Queens
289,Spuyten Duyvil,Bronx
290,St. Albans,Queens
291,St. George,Staten Island
292,Stapleton Heights,Staten Island
293,Stapleton,Staten Island
294,Starrett City,Brooklyn
295,Strivers' Row,Manhattan
296,Stuyvesant Heights,Brooklyn
297,Stuyvesant Town-Peter Cooper Village,Manhattan
298,Stuyvesant Town,Manhattan
299,Sugar Hill,Manhattan
300,Sunnyside,Queens
301,Sunset Park,Brooklyn
302,Sutton Place,Manhattan
303,"The Hole,  New York",Queens
304,Theater District,Manhattan
305,Throgs Neck,Bronx
306,Todt Hill,Staten Island
307,Tompkinsville,Staten Island
308,Tottenville,Staten Island
309,Travis - Chelsea,Staten Island
310,Tremont,Bronx
311,Tribeca,Manhattan
312,Tudor City,Manhattan
313,Two Bridges,Manhattan
314,Ukrainian Village,Manhattan
315,Union Square,Manhattan
316,Unionport,Bronx
317,University Heights,Bronx
318,Upper East Side,Manhattan
319,Upper Manhattan,Manhattan
320,Upper West Side,Manhattan
321,Utopia,Queens
322,Van Nest,Bronx
323,Village greens,Staten Island
324,Vinegar Hill,Brooklyn
325,Wakefield,Bronx
326,Washington Heights,Manhattan
327,West Brighton,Staten Island
328,West Bronx,Bronx
329,West Farms,Bronx
330,West Harlem,Manhattan
331,West Village,Manhattan
332,Westchester Square,Bronx
333,Westerleigh,Staten Island
334,Whitestone,Queens
335,Willets Point,Queens
336,Williamsbridge,Bronx
337,Williamsburg,Brooklyn
338,Willowbrook,Staten Island
339,Windsor Terrace,Brooklyn
340,Woodhaven,Queens
341,Woodlawn,Bronx
342,Woodrow,Staten Island
343,Woodside,Queens
344,Woodstock,Queens
345,World Trade Center,Manhattan
346,Yorkville,Manhattan